Score,Income
10,16.221598173625132
15,29.868944292527196
20,45.41491731846176
25,31.762370280276
30,44.13823770414308
35,50.301941990667665
40,58.65568310490214
45,55.99711383079712
50,105.19131755657048
55,93.60349091516235
60,100.4235552555479
65,106.94726944224564
70,99.55113251147331
75,96.8973171613576
80,118.17560272216001
85,90.69751640776383
90,113.85023206644884
